Date,Name,Year,Letterboxd URI
2021-01-01,Don't Worry Darling,2022,https://boxd.it/mViu
2021-01-07,2001: A Space Odyssey,1968,https://boxd.it/2bf0
2021-01-12,Under the Skin,2013,https://boxd.it/3mDa
2021-01-12,Frances Ha,2012,https://boxd.it/41Xg
2021-01-12,Lincoln,2012,https://boxd.it/2n2s
2021-01-12,Memento,2000,https://boxd.it/2bcK
2021-01-12,Creation,2009,https://boxd.it/1llq
2021-01-12,Sicario,2015,https://boxd.it/8i7u
2021-01-12,Birdman or (The Unexpected Virtue of Ignorance),2014,https://boxd.it/5RFA
2021-01-12,Zootopia,2016,https://boxd.it/84xS
2021-01-12,Manchester by the Sea,2016,https://boxd.it/b2L0
2021-01-12,Moana,2016,https://boxd.it/8tfY
2021-01-12,Edge of Tomorrow,2014,https://boxd.it/4pD0
2021-01-12,The Wolf of Wall Street,2013,https://boxd.it/3C1m
2021-01-12,Moon,2009,https://boxd.it/1IGQ
2021-01-12,The Curious Case of Benjamin Button,2008,https://boxd.it/23Fk
2021-01-13,Top Gun: Maverick,2022,https://boxd.it/cjr4
2021-01-13,Candyman,2021,https://boxd.it/kHFg
2021-11-05,The Matrix Resurrections,2021,https://boxd.it/n87k
2021-11-05,John Wick: Chapter 4,2023,https://boxd.it/mh48
2021-11-05,Untitled Indiana Jones Project,2023,https://boxd.it/b8vM
2021-11-05,Thor: Love and Thunder,2022,https://boxd.it/mMAY
2021-11-05,Death on the Nile,2022,https://boxd.it/ifpg
2021-11-05,Moonfall,2022,https://boxd.it/ejwM
2021-11-05,Lightyear,2022,https://boxd.it/qV1G
2021-11-05,Black Adam,2022,https://boxd.it/fup0
2021-11-05,The Flash,2023,https://boxd.it/9twC
2021-11-05,Avatar: The Way of Water,2022,https://boxd.it/2E2E
2021-11-05,Spider-Man: Across the Spider-Verse,2023,https://boxd.it/kSz4
2021-11-05,Aquaman and the Lost Kingdom,2023,https://boxd.it/l1LS
2021-11-05,The Marvels,2023,https://boxd.it/mwU4
2021-11-05,Oppenheimer,2023,https://boxd.it/wUow
2021-11-05,Shazam! Fury of the Gods,2022,https://boxd.it/lV0S
2021-11-05,Ant-Man and the Wasp: Quantumania,2023,https://boxd.it/nL2y
2021-11-05,Mission: Impossible - Dead Reckoning Part Two,2024,https://boxd.it/l7A2
2021-11-05,Wonka,2023,https://boxd.it/tCQm
2021-11-05,Furiosa,2024,https://boxd.it/tABk
2021-12-31,C'mon C'mon,2021,https://boxd.it/nrI0
2021-12-31,Spencer,2021,https://boxd.it/qPMG
2021-12-31,Petite Maman,2021,https://boxd.it/s6je
2022-01-03,Fight Club,1999,https://boxd.it/2a9q
2022-01-03,Pulp Fiction,1994,https://boxd.it/29Pq
2022-01-03,Whiplash,2014,https://boxd.it/7bQA
2022-01-11,The Tragedy of Macbeth,2021,https://boxd.it/lMi4
2022-01-11,The Lost Daughter,2021,https://boxd.it/kgww
2022-01-11,The Green Knight,2021,https://boxd.it/kuy2
2022-01-11,2046,2004,https://boxd.it/29tu
2022-01-11,Fallen Angels,1995,https://boxd.it/1UkW
2022-01-11,Chungking Express,1994,https://boxd.it/1UDa
2022-01-11,Bergman Island,2021,https://boxd.it/h86E
2022-01-11,Memories of Murder,2003,https://boxd.it/1TSo
2022-03-10,The Adam Project,2022,https://boxd.it/q2Dg
2022-04-10,After Yang,2021,https://boxd.it/lx5a
2022-04-10,Killers of the Flower Moon,2023,https://boxd.it/gHp0
2022-04-10,Crimes of the Future,2022,https://boxd.it/uTuY
2022-04-10,Suzume Locking Up the Doors,2022,https://boxd.it/yv7Y
2022-04-10,Nope,2022,https://boxd.it/sDCe
2022-04-15,Decision to Leave,2022,https://boxd.it/qp9e
2022-04-15,Broker,2022,https://boxd.it/rDUU
2022-04-18,When Marnie Was There,2014,https://boxd.it/78pm
2022-04-18,Belle,2021,https://boxd.it/tbEe
2022-04-18,Wolf Children,2012,https://boxd.it/3Ipk
2022-04-25,Liz and the Blue Bird,2018,https://boxd.it/hksW
2022-04-27,Barbie,2023,https://boxd.it/bCLK
2022-05-04,Foe,,https://boxd.it/sy7U
2022-05-10,Little Forest,2018,https://boxd.it/fYHI
2022-05-10,The Unbearable Weight of Massive Talent,2022,https://boxd.it/o6eK
2022-05-10,Babylon,2022,https://boxd.it/mM02
2022-05-10,The Killer,,https://boxd.it/u6WE
2022-05-10,Mission: Impossible - Dead Reckoning Part One,2023,https://boxd.it/l7zS
2022-05-10,Pinocchio,2022,https://boxd.it/jnWY
2022-05-10,Blonde,2022,https://boxd.it/9AG0
2022-05-10,Guillermo del Toro's Pinocchio,,https://boxd.it/kjMW
2022-05-10,Glass Onion: A Knives Out Mystery,,https://boxd.it/oCkK
2022-05-10,Elvis,2022,https://boxd.it/mK4w
2022-05-10,Black Panther: Wakanda Forever,2022,https://boxd.it/igPu
2022-05-10,The Guardians of the Galaxy Holiday Special,,https://boxd.it/t77K
2022-05-19,Spider-Man 4,,https://boxd.it/y9fQ
2022-05-19,Werewolf By Night,,https://boxd.it/xMrO
2022-05-19,Shang-Chi 2,,https://boxd.it/ymuY
2022-05-19,Captain America 4,,https://boxd.it/uYDm
2022-05-19,Deadpool 3,,https://boxd.it/jq8s
2022-05-19,Blade,,https://boxd.it/mOS6
2022-05-19,Fantastic Four,,https://boxd.it/mP6C
2022-05-19,Guardians of the Galaxy Vol. 3,2023,https://boxd.it/fVNI
2022-05-20,One Day,2011,https://boxd.it/Asu
2022-05-24,The Gray Man,2022,https://boxd.it/rb7q
2022-05-24,RRR,2022,https://boxd.it/ljDs
2022-05-25,Following,1998,https://boxd.it/1Tj4
2022-05-25,Insomnia,2002,https://boxd.it/2aB0
2022-05-26,Paddington 2,2017,https://boxd.it/bCF8
2022-05-26,The Look of Silence,2014,https://boxd.it/8006
2022-05-26,Carol,2015,https://boxd.it/7DPK
2022-05-28,Coherence,2013,https://boxd.it/6xza
2022-05-30,To Every You I've Loved Before,2022,https://boxd.it/x0rc
2022-06-08,The Silence of the Lambs,1991,https://boxd.it/2aHW
2022-06-17,Pan's Labyrinth,2006,https://boxd.it/28No
2022-06-17,Pacific Rim,2013,https://boxd.it/2cB2
2022-06-21,Am√©lie,2001,https://boxd.it/2aUc
2022-06-21,Taxi Driver,1976,https://boxd.it/2b8y
2022-06-30,See How They Run,2022,https://boxd.it/sNVq
